{"sacrebleu": 23.700034419706228, "rouge": {"rouge1": 0.6430020590437424, "rouge2": 0.3550402213070627, "rougeL": 0.441538490862998, "rougeLsum": 0.4415576902631437}, "meteor": 0.2390972911082590}