{"sacrebleu": 23.811644281035115, "rouge": {"rouge1": 0.5357178136690506, "rouge2": 0.2893551816757954, "rougeL": 0.422236138805654, "rougeLsum": 0.4224111122580212}, "meteor": 0.2196297146332939}