{"sacrebleu": 16.53141498404654, "rouge": {"rouge1": 0.4964690318788586, "rouge2": 0.259131512818489, "rougeL": 0.3583460620494585, "rougeLsum": 0.3584142500183185}, "meteor": 0.1820667142040016}