{"sacrebleu": 22.994024337615784, "rouge": {"rouge1": 0.5345892336044018, "rouge2": 0.2869483515377355, "rougeL": 0.4251909028426582, "rougeLsum": 0.42568145811112157}, "meteor": 0.2236066277538229}