{"sacrebleu": 24.627027924209482, "rouge": {"rouge1": 0.6650007973012817, "rouge2": 0.374831514677397, "rougeL": 0.45240405457471716, "rougeLsum": 0.4522825085678507}, "meteor": 0.2544010718524587}