{"sacrebleu": 24.840178317021177, "rouge": {"rouge1": 0.549098511805169, "rouge2": 0.3011851611630417, "rougeL": 0.44058506929121666, "rougeLsum": 0.4405257368979323}, "meteor": 0.2577922245629303}