{"sacrebleu": 26.41047645726546, "rouge": {"rouge1": 0.5712725999299072, "rouge2": 0.31761355101484495, "rougeL": 0.4587683043653943, "rougeLsum": 0.4592140584837231}, "meteor": 0.2714520588056328}