{"sacrebleu": 24.836251456565606, "rouge": {"rouge1": 0.6643062620996202, "rouge2": 0.37523908263410666, "rougeL": 0.45656826129035377, "rougeLsum": 0.45678762091294745}, "meteor": 0.2405210915877734}