{"sacrebleu": 11.705165718063453, "rouge": {"rouge1": 0.3629362668613991, "rouge2": 0.17101684236973624, "rougeL": 0.27627547243384754, "rougeLsum": 0.2763213035591444}, "meteor": 0.1380934564090876}