{"sacrebleu": 23.203194775266937, "rouge": {"rouge1": 0.6458730355143576, "rouge2": 0.3556827300348729, "rougeL": 0.44283540942029537, "rougeLsum": 0.44285903958411277}, "meteor": 0.2355278574830892}