{"sacrebleu": 18.819756315146655, "rouge": {"rouge1": 0.5627154339698404, "rouge2": 0.2958896515553259, "rougeL": 0.39711385811717237, "rougeLsum": 0.39756031329515024}, "meteor": 0.1831917248979146}