{"sacrebleu": 24.903438088017936, "rouge": {"rouge1": 0.5478885339791382, "rouge2": 0.3006985741869744, "rougeL": 0.4394456318455524, "rougeLsum": 0.43917772110833836}, "meteor": 0.2504005945039938}